<?xml version="1.0"?>
<ArrayOfCommand xmlns:xsd="http://www.w3.org/2001/XMLSchema" xmlns:xsi="http://www.w3.org/2001/XMLSchema-instance">
  <Command xsi:type="Pitch">
    <StartTime>10</StartTime>
    <Duration>201</Duration>
    <TargetOrientation>-170</TargetOrientation>
  </Command>
  <Command xsi:type="Stage">
    <StartTime>149</StartTime>
  </Command>
  <Command xsi:type="Stage">
    <StartTime>206</StartTime>
  </Command>
  <Command xsi:type="Pitch">
    <StartTime>208</StartTime>
    <Duration>450</Duration>
    <TargetOrientation>-200</TargetOrientation>
  </Command>
</ArrayOfCommand>