<?xml version="1.0"?>
<ArrayOfCommand xmlns:xsd="http://www.w3.org/2001/XMLSchema" xmlns:xsi="http://www.w3.org/2001/XMLSchema-instance">
  <Command xsi:type="Ignition">
    <StartTime>153</StartTime>
    <Duration>2</Duration>
    <Throttle>100</Throttle>
    <EngineIds>
      <int>0</int>
    </EngineIds>
  </Command>
  <Command xsi:type="Throttle">
    <StartTime>300</StartTime>
    <Duration>80</Duration>
    <TargetThrottle>79</TargetThrottle>
  </Command>
  <Command xsi:type="Shutdown">
    <StartTime>595</StartTime>
    <Duration>0.5</Duration>
  </Command>
</ArrayOfCommand>