<?xml version="1.0"?>
<ArrayOfCommand xmlns:xsd="http://www.w3.org/2001/XMLSchema" xmlns:xsi="http://www.w3.org/2001/XMLSchema-instance">
  <Command xsi:type="Ignition">
    <StartTime>0.01</StartTime>
    <Duration>0.2</Duration>
    <Throttle>95</Throttle>
    <EngineIds>
      <int>0</int>
      <int>1</int>
      <int>2</int>
      <int>3</int>
      <int>4</int>
      <int>5</int>
      <int>6</int>
      <int>7</int>
      <int>8</int>
    </EngineIds>
  </Command>
  <Command xsi:type="Throttle">
    <StartTime>1</StartTime>
    <Duration>12</Duration>
    <TargetThrottle>100</TargetThrottle>
  </Command>
  <Command xsi:type="Throttle">
    <StartTime>60</StartTime>
    <Duration>20</Duration>
    <TargetThrottle>91</TargetThrottle>
  </Command>
  <Command xsi:type="Throttle">
    <StartTime>80</StartTime>
    <Duration>10</Duration>
    <TargetThrottle>100</TargetThrottle>
  </Command>
  <Command xsi:type="Throttle">
    <StartTime>135</StartTime>
    <Duration>10</Duration>
    <TargetThrottle>86</TargetThrottle>
  </Command>
  <Command xsi:type="Shutdown">
    <StartTime>144.5</StartTime>
    <Duration>0.5</Duration>
  </Command>
  <Command xsi:type="Orient">
    <StartTime>160</StartTime>
    <Duration>60</Duration>
    <TargetOrientation>-5.3</TargetOrientation>
  </Command>
  <Command xsi:type="Ignition">
    <StartTime>228</StartTime>
    <Duration>0.5</Duration>
    <Throttle>90.7</Throttle>
    <EngineIds>
      <int>0</int>
      <int>4</int>
      <int>8</int>
    </EngineIds>
  </Command>
  <Command xsi:type="Shutdown">
    <StartTime>262.5</StartTime>
    <Duration>0.5</Duration>
  </Command>
  <Command xsi:type="Retrograde">
    <StartTime>270</StartTime>
    <Duration>295</Duration>
    <InitialAdjustmentTime>50</InitialAdjustmentTime>
  </Command>
  <Command xsi:type="Deploy">
	<Part>Grid Fins</Part>
    <StartTime>340</StartTime>
  </Command>
  <Command xsi:type="Ignition">
    <StartTime>481</StartTime>
    <Duration>0.5</Duration>
    <Throttle>60</Throttle>
    <EngineIds>
      <int>0</int>
      <int>4</int>
      <int>8</int>
    </EngineIds>
  </Command>
  <Command xsi:type="Shutdown">
    <StartTime>511</StartTime>
    <Duration>0.5</Duration>
  </Command>
  <Command xsi:type="AutoLand">
    <StartTime>551</StartTime>
    <Duration>100</Duration>
    <EngineIds>
      <int>4</int>
    </EngineIds>
  </Command>
  <Command xsi:type="Deploy">
	<Part>Landing Legs</Part>
    <StartTime>568</StartTime>
  </Command>
</ArrayOfCommand>