<?xml version="1.0"?>
<ArrayOfCommand xmlns:xsd="http://www.w3.org/2001/XMLSchema" xmlns:xsi="http://www.w3.org/2001/XMLSchema-instance">
  <Command xsi:type="Ignition">
    <StartTime>169</StartTime>
    <Duration>0.5</Duration>
    <Throttle>94</Throttle>
    <EngineIds>
      <int>0</int>
    </EngineIds>
  </Command>
  <Command xsi:type="Throttle">
    <StartTime>176</StartTime>
    <Duration>130</Duration>
    <TargetThrottle>100</TargetThrottle>
  </Command>
  <Command xsi:type="Throttle">
    <StartTime>300</StartTime>
    <Duration>52</Duration>
    <TargetThrottle>93</TargetThrottle>
  </Command>
  <Command xsi:type="Shutdown">
    <StartTime>535</StartTime>
    <Duration>0.5</Duration>
  </Command>
  <Command xsi:type="Ignition">
    <StartTime>1624</StartTime>
    <Duration>0.5</Duration>
    <Throttle>71.3</Throttle>
    <EngineIds>
      <int>0</int>
    </EngineIds>
  </Command>
 <Command xsi:type="Shutdown">
    <StartTime>1684</StartTime>
    <Duration>0.5</Duration>
  </Command>
</ArrayOfCommand>