<?xml version="1.0"?>
<ArrayOfCommand xmlns:xsd="http://www.w3.org/2001/XMLSchema" xmlns:xsi="http://www.w3.org/2001/XMLSchema-instance">
  <Command xsi:type="Ignition">
    <StartTime>0</StartTime>
    <Duration>0.5</Duration>
    <Throttle>100</Throttle>
    <EngineIds>
      <int>0</int>
      <int>1</int>
      <int>2</int>
      <int>3</int>
      <int>4</int>
      <int>5</int>
      <int>6</int>
      <int>7</int>
      <int>8</int>
    </EngineIds>
  </Command>
  <Command xsi:type="Pitch">
    <StartTime>10</StartTime>
    <Duration>60</Duration>
    <TargetOrientation>-125</TargetOrientation>
  </Command>
  <Command xsi:type="Throttle">
    <StartTime>45</StartTime>
    <Duration>5</Duration>
    <TargetThrottle>90</TargetThrottle>
  </Command>
  <Command xsi:type="Throttle">
    <StartTime>52</StartTime>
    <Duration>3</Duration>
    <TargetThrottle>100</TargetThrottle>
  </Command>
  <Command xsi:type="Pitch">
    <StartTime>70</StartTime>
    <Duration>97</Duration>
    <TargetOrientation>-192</TargetOrientation>
  </Command>
  <Command xsi:type="Shutdown">
    <StartTime>108</StartTime>
    <Duration>0.5</Duration>
	<EngineIds>
      <int>1</int>
      <int>7</int>
    </EngineIds>
  </Command>
  <Command xsi:type="Shutdown">
    <StartTime>127</StartTime>
    <Duration>0.5</Duration>
	<EngineIds>
      <int>2</int>
      <int>6</int>
    </EngineIds>
  </Command>
  <Command xsi:type="Shutdown">
    <StartTime>153</StartTime>
    <Duration>0.5</Duration>
	<EngineIds>
      <int>3</int>
      <int>5</int>
    </EngineIds>
  </Command>
    <Command xsi:type="Shutdown">
    <StartTime>200</StartTime>
    <Duration>0.5</Duration>
	<EngineIds>
      <int>0</int>
      <int>8</int>
    </EngineIds>
  </Command>
  <Command xsi:type="Shutdown">
    <StartTime>325</StartTime>
    <Duration>0.5</Duration>
  </Command>
</ArrayOfCommand>