<?xml version="1.0"?>
<ArrayOfCommand xmlns:xsd="http://www.w3.org/2001/XMLSchema" xmlns:xsi="http://www.w3.org/2001/XMLSchema-instance">
  <Command xsi:type="Ignition">
    <StartTime>0</StartTime>
    <Duration>0.1</Duration>
    <Throttle>95</Throttle>
    <EngineIds>
      <int>0</int>
      <int>1</int>
      <int>2</int>
      <int>3</int>
      <int>4</int>
      <int>5</int>
      <int>6</int>
      <int>7</int>
      <int>8</int>
    </EngineIds>
  </Command>
  <Command xsi:type="Throttle">
    <StartTime>10</StartTime>
    <Duration>4</Duration>
    <TargetThrottle>100</TargetThrottle>
  </Command>
  <Command xsi:type="Throttle">
    <StartTime>47</StartTime>
    <Duration>10</Duration>
    <TargetThrottle>80</TargetThrottle>
  </Command>
  <Command xsi:type="Throttle">
    <StartTime>59</StartTime>
    <Duration>40</Duration>
    <TargetThrottle>100</TargetThrottle>
  </Command>
  <Command xsi:type="Throttle">
    <StartTime>145</StartTime>
    <Duration>10</Duration>
    <TargetThrottle>65.5</TargetThrottle>
  </Command>
  <Command xsi:type="Shutdown">
    <StartTime>155.5</StartTime>
    <Duration>0.5</Duration>
  </Command>
  <Command xsi:type="Retrograde">
    <StartTime>175</StartTime>
    <Duration>335</Duration>
    <InitialAdjustmentTime>50</InitialAdjustmentTime>
  </Command>
  <Command xsi:type="Ignition">
    <StartTime>261</StartTime>
    <Duration>0.5</Duration>
    <Throttle>55.5</Throttle>
    <EngineIds>
      <int>0</int>
      <int>4</int>
      <int>8</int>
    </EngineIds>
  </Command>
  <Command xsi:type="Shutdown">
    <StartTime>298</StartTime>
    <Duration>0.5</Duration>
  </Command>
  <Command xsi:type="Ignition">
    <StartTime>419</StartTime>
    <Duration>0.5</Duration>
    <Throttle>59</Throttle>
    <EngineIds>
      <int>0</int>
      <int>4</int>
      <int>8</int>
    </EngineIds>
  </Command>
  <Command xsi:type="Shutdown">
    <StartTime>442.5</StartTime>
    <Duration>0.5</Duration>
  </Command>
  <Command xsi:type="Ignition">
    <StartTime>487.55</StartTime>
    <Duration>0.5</Duration>
    <Throttle>66.67</Throttle>
    <EngineIds>
      <int>4</int>
    </EngineIds>
  </Command>
  <Command xsi:type="Shutdown">
    <StartTime>515</StartTime>
    <Duration>0.5</Duration>
  </Command>
</ArrayOfCommand>