<?xml version="1.0"?>
<ArrayOfCommand xmlns:xsd="http://www.w3.org/2001/XMLSchema" xmlns:xsi="http://www.w3.org/2001/XMLSchema-instance">
  <Command xsi:type="Pitch">
    <StartTime>10</StartTime>
    <Duration>40</Duration>
    <TargetOrientation>-93</TargetOrientation>
  </Command>
  <Command xsi:type="Pitch">
    <StartTime>50</StartTime>
    <Duration>60</Duration>
    <TargetOrientation>-130</TargetOrientation>
  </Command>
  <Command xsi:type="Pitch">
    <StartTime>110</StartTime>
    <Duration>30</Duration>
    <TargetOrientation>-126</TargetOrientation>
  </Command>
  <Command xsi:type="Stage">
    <StartTime>144</StartTime>
  </Command>
  <Command xsi:type="Pitch">
    <StartTime>180</StartTime>
    <Duration>450</Duration>
    <TargetOrientation>-200</TargetOrientation>
  </Command>
  <Command xsi:type="Stage">
    <StartTime>632</StartTime>
  </Command>
</ArrayOfCommand>