<?xml version="1.0"?>
<ArrayOfCommand xmlns:xsd="http://www.w3.org/2001/XMLSchema" xmlns:xsi="http://www.w3.org/2001/XMLSchema-instance">
  <Command xsi:type="Prograde">
    <StartTime>1</StartTime>
	<Duration>220</Duration>
	<InitialAdjustmentTime>0</InitialAdjustmentTime>
  </Command>
  <Command xsi:type="Stage">
    <StartTime>200</StartTime>
  </Command>
  <Command xsi:type="Retrograde">
    <StartTime>230</StartTime>
	<Duration>1200</Duration>
	<InitialAdjustmentTime>30</InitialAdjustmentTime>
  </Command>
  <Command xsi:type="Ignition">
    <StartTime>1170</StartTime>
    <Duration>0.1</Duration>
    <Throttle>17</Throttle>
    <EngineIds>
      <int>0</int>
      <int>1</int>
      <int>2</int>
      <int>3</int>
      <int>4</int>
      <int>5</int>
      <int>6</int>
      <int>7</int>
    </EngineIds>
  </Command>
</ArrayOfCommand>