<?xml version="1.0"?>
<ArrayOfCommand xmlns:xsd="http://www.w3.org/2001/XMLSchema" xmlns:xsi="http://www.w3.org/2001/XMLSchema-instance">
  <Command xsi:type="RelativePitch">
    <StartTime>10</StartTime>
    <Duration>134</Duration>
    <TargetOrientation>-150</TargetOrientation>
  </Command>
  <Command xsi:type="Stage">
    <StartTime>145.8</StartTime>
  </Command>
  <Command xsi:type="RelativePitch">
    <StartTime>150</StartTime>
    <Duration>50</Duration>
    <TargetOrientation>-175</TargetOrientation>
  </Command>
  <Command xsi:type="Stage">
    <StartTime>204</StartTime>
  </Command>
  <Command xsi:type="RelativePitch">
    <StartTime>210</StartTime>
    <Duration>300</Duration>
    <TargetOrientation>-200</TargetOrientation>
  </Command>
  <Command xsi:type="Prograde">
    <StartTime>535</StartTime>
    <Duration>8000</Duration>
    <InitialAdjustmentTime>20</InitialAdjustmentTime>
  </Command>
</ArrayOfCommand>