<?xml version="1.0"?>
<ArrayOfCommand xmlns:xsd="http://www.w3.org/2001/XMLSchema" xmlns:xsi="http://www.w3.org/2001/XMLSchema-instance">
  <Command xsi:type="Ignition">
    <StartTime>159</StartTime>
    <Duration>0.5</Duration>
    <Throttle>100</Throttle>
    <EngineIds>
      <int>0</int>
    </EngineIds>
  </Command>
  <Command xsi:type="Throttle">
    <StartTime>300</StartTime>
    <Duration>20</Duration>
    <TargetThrottle>95</TargetThrottle>
  </Command>
  <Command xsi:type="Throttle">
    <StartTime>500</StartTime>
    <Duration>50</Duration>
    <TargetThrottle>93.5</TargetThrottle>
  </Command>
  <Command xsi:type="Shutdown">
    <StartTime>550</StartTime>
    <Duration>0.5</Duration>
  </Command>
  <Command xsi:type="Ignition">
    <StartTime>3150</StartTime>
    <Duration>0.5</Duration>
    <Throttle>35</Throttle>
    <EngineIds>
      <int>0</int>
    </EngineIds>
  </Command>
<Command xsi:type="Shutdown">
    <StartTime>3156</StartTime>
    <Duration>0.5</Duration>
  </Command>
</ArrayOfCommand>