<?xml version="1.0"?>
<ArrayOfCommand xmlns:xsd="http://www.w3.org/2001/XMLSchema" xmlns:xsi="http://www.w3.org/2001/XMLSchema-instance">
  <Command xsi:type="Ignition">
    <StartTime>0</StartTime>
    <Duration>0.2</Duration>
    <Throttle>90</Throttle>
    <EngineIds>
      <int>0</int>
      <int>1</int>
      <int>2</int>
      <int>3</int>
      <int>4</int>
      <int>5</int>
      <int>6</int>
      <int>7</int>
      <int>8</int>
    </EngineIds>
  </Command>
  <Command xsi:type="Throttle">
    <StartTime>1</StartTime>
    <Duration>4</Duration>
    <TargetThrottle>100</TargetThrottle>
  </Command>
  <Command xsi:type="Throttle">
    <StartTime>45</StartTime>
    <Duration>10</Duration>
    <TargetThrottle>86.7</TargetThrottle>
  </Command>
  <Command xsi:type="Throttle">
    <StartTime>55</StartTime>
    <Duration>10</Duration>
    <TargetThrottle>97</TargetThrottle>
  </Command>
  <Command xsi:type="Throttle">
    <StartTime>66</StartTime>
    <Duration>83</Duration>
    <TargetThrottle>100</TargetThrottle>
  </Command>
  <Command xsi:type="Throttle">
    <StartTime>149</StartTime>
    <Duration>9</Duration>
    <TargetThrottle>65.5</TargetThrottle>
  </Command>
  <Command xsi:type="Shutdown">
    <StartTime>159</StartTime>
    <Duration>0.5</Duration>
  </Command>
  <Command xsi:type="Pitch">
    <StartTime>230</StartTime>
    <Duration>100</Duration>
    <TargetOrientation>-35</TargetOrientation>
  </Command>
  <Command xsi:type="Ignition">
    <StartTime>395</StartTime>
    <Duration>0.5</Duration>
    <Throttle>90</Throttle>
    <EngineIds>
      <int>0</int>
      <int>4</int>
      <int>8</int>
    </EngineIds>
  </Command>
  <Command xsi:type="Shutdown">
    <StartTime>414</StartTime>
    <Duration>0.5</Duration>
  </Command>
  <Command xsi:type="Pitch">
    <StartTime>415</StartTime>
    <Duration>95</Duration>
    <TargetOrientation>-95</TargetOrientation>
  </Command>
  <Command xsi:type="Ignition">
    <StartTime>508</StartTime>
    <Duration>0.5</Duration>
    <Throttle>55</Throttle>
    <EngineIds>
      <int>0</int>
      <int>4</int>
      <int>8</int>
    </EngineIds>
  </Command>
  <Command xsi:type="Shutdown">
    <StartTime>513</StartTime>
    <Duration>0.5</Duration>
  </Command>
</ArrayOfCommand>